INSERT INTO `CMM_CD_GRP` (`CMM_GRP_CD`, `CMM_CD_GRP_NM`, `DSC`, `SORT_SEQ`, `USE_YN`, `REGR`, `REG_DT`, `UPDR`, `UPD_DT`) VALUES ('CM001', '약관유형', NULL, 3, 'Y', 'SYSTEM', '2018-08-25 18:43:29', 'SYSTEM', '2018-08-25 18:43:32');
INSERT INTO `CMM_CD_GRP` (`CMM_GRP_CD`, `CMM_CD_GRP_NM`, `DSC`, `SORT_SEQ`, `USE_YN`, `REGR`, `REG_DT`, `UPDR`, `UPD_DT`) VALUES ('CM002', '이메일도메인', NULL, 4, 'Y', 'SYSTEM', '2018-10-06 20:19:10', 'SYSTEM', '2018-10-06 20:19:16');
INSERT INTO `CMM_CD_GRP` (`CMM_GRP_CD`, `CMM_CD_GRP_NM`, `DSC`, `SORT_SEQ`, `USE_YN`, `REGR`, `REG_DT`, `UPDR`, `UPD_DT`) VALUES ('GD001', '상품상태코드', NULL, 4, 'Y', 'SYSTEM', '2018-08-25 20:36:54', 'SYSTEM', '2018-08-25 20:36:59');
INSERT INTO `CMM_CD_GRP` (`CMM_GRP_CD`, `CMM_CD_GRP_NM`, `DSC`, `SORT_SEQ`, `USE_YN`, `REGR`, `REG_DT`, `UPDR`, `UPD_DT`) VALUES ('MB001', '정상휴먼코드', NULL, 1, 'Y', 'SYSTEM', '2018-08-18 21:03:16', 'SYSTEM', '2018-08-18 21:03:23');
INSERT INTO `CMM_CD_GRP` (`CMM_GRP_CD`, `CMM_CD_GRP_NM`, `DSC`, `SORT_SEQ`, `USE_YN`, `REGR`, `REG_DT`, `UPDR`, `UPD_DT`) VALUES ('MB002', '회원등급코드', NULL, 2, 'Y', 'SYSTEM', '2018-08-18 21:25:12', 'SYSTEM', '2018-08-18 21:25:15');
INSERT INTO `CMM_CD_GRP` (`CMM_GRP_CD`, `CMM_CD_GRP_NM`, `DSC`, `SORT_SEQ`, `USE_YN`, `REGR`, `REG_DT`, `UPDR`, `UPD_DT`) VALUES ('BN001', '템플릿유형', NULL, 1, 'Y', 'SYSTEM', '2025-02-09 01:03:02', 'SYSTEM', '2025-02-09 01:03:02');
INSERT INTO `CMM_CD_GRP` (`CMM_GRP_CD`, `CMM_CD_GRP_NM`, `DSC`, `SORT_SEQ`, `USE_YN`, `REGR`, `REG_DT`, `UPDR`, `UPD_DT`) VALUES ('BN002', '노출위치', NULL, 2, 'Y', 'SYSTEM', '2025-02-09 01:03:02', 'SYSTEM', '2025-02-09 01:03:02');
INSERT INTO `CMM_CD_GRP` (`CMM_GRP_CD`, `CMM_CD_GRP_NM`, `DSC`, `SORT_SEQ`, `USE_YN`, `REGR`, `REG_DT`, `UPDR`, `UPD_DT`) VALUES ('BN003', '전시상태코드', NULL, 3, 'Y', 'SYSTEM', '2025-02-09 01:03:02', 'SYSTEM', '2025-02-09 01:03:02');
INSERT INTO `CMM_CD` (`CMM_GRP_CD`, `CMM_CD`, `CMM_CD_NM`, `DSC`, `SORT_SEQ`, `USE_YN`, `REGR`, `REG_DT`, `UPDR`, `UPD_DT`) VALUES ('CM001', '10', '이용약관', NULL, 1, 'Y', 'SYSTEM', '2018-08-25 18:44:27', 'SYSTEM', '2018-08-25 18:44:29');
INSERT INTO `CMM_CD` (`CMM_GRP_CD`, `CMM_CD`, `CMM_CD_NM`, `DSC`, `SORT_SEQ`, `USE_YN`, `REGR`, `REG_DT`, `UPDR`, `UPD_DT`) VALUES ('GD001', '10', '등록', NULL, 1, 'Y', 'SYSTEM', '2018-08-25 20:37:26', 'SYSTEM', '2018-08-25 20:37:29');
INSERT INTO `CMM_CD` (`CMM_GRP_CD`, `CMM_CD`, `CMM_CD_NM`, `DSC`, `SORT_SEQ`, `USE_YN`, `REGR`, `REG_DT`, `UPDR`, `UPD_DT`) VALUES ('MB001', '10', '정상', NULL, 1, 'Y', 'SYSTEM', '2018-08-18 21:03:53', 'SYSTEM', '2018-08-18 21:03:59');
INSERT INTO `CMM_CD` (`CMM_GRP_CD`, `CMM_CD`, `CMM_CD_NM`, `DSC`, `SORT_SEQ`, `USE_YN`, `REGR`, `REG_DT`, `UPDR`, `UPD_DT`) VALUES ('CM002', '11', 'naver.com', 'naver.com', 1, 'Y', 'SYSTEM', '2018-08-14 17:53:59', 'SYSTEM', '2018-08-14 17:53:59');
INSERT INTO `CMM_CD` (`CMM_GRP_CD`, `CMM_CD`, `CMM_CD_NM`, `DSC`, `SORT_SEQ`, `USE_YN`, `REGR`, `REG_DT`, `UPDR`, `UPD_DT`) VALUES ('CM002', '12', 'hanmail.net', 'hanmail.net', 2, 'Y', 'SYSTEM', '2018-08-14 17:53:59', 'SYSTEM', '2018-08-14 17:53:59');
INSERT INTO `CMM_CD` (`CMM_GRP_CD`, `CMM_CD`, `CMM_CD_NM`, `DSC`, `SORT_SEQ`, `USE_YN`, `REGR`, `REG_DT`, `UPDR`, `UPD_DT`) VALUES ('CM002', '13', 'nate.com', 'nate.com', 3, 'Y', 'SYSTEM', '2018-08-14 17:53:59', 'SYSTEM', '2018-08-14 17:53:59');
INSERT INTO `CMM_CD` (`CMM_GRP_CD`, `CMM_CD`, `CMM_CD_NM`, `DSC`, `SORT_SEQ`, `USE_YN`, `REGR`, `REG_DT`, `UPDR`, `UPD_DT`) VALUES ('CM002', '14', 'gmail.com', 'gmail.com', 4, 'Y', 'SYSTEM', '2018-08-14 17:53:59', 'SYSTEM', '2018-08-14 17:53:59');
INSERT INTO `CMM_CD` (`CMM_GRP_CD`, `CMM_CD`, `CMM_CD_NM`, `DSC`, `SORT_SEQ`, `USE_YN`, `REGR`, `REG_DT`, `UPDR`, `UPD_DT`) VALUES ('CM002', '15', 'lycos.co.kr', 'lycos.co.kr', 5, 'Y', 'SYSTEM', '2018-08-14 17:53:59', 'SYSTEM', '2018-08-14 17:53:59');
INSERT INTO `CMM_CD` (`CMM_GRP_CD`, `CMM_CD`, `CMM_CD_NM`, `DSC`, `SORT_SEQ`, `USE_YN`, `REGR`, `REG_DT`, `UPDR`, `UPD_DT`) VALUES ('CM002', '16', 'yahoo.co.kr', 'yahoo.co.kr', 6, 'Y', 'SYSTEM', '2018-08-14 17:53:59', 'SYSTEM', '2018-08-14 17:53:59');
INSERT INTO `CMM_CD` (`CMM_GRP_CD`, `CMM_CD`, `CMM_CD_NM`, `DSC`, `SORT_SEQ`, `USE_YN`, `REGR`, `REG_DT`, `UPDR`, `UPD_DT`) VALUES ('CM002', '17', 'yahoo.com', 'yahoo.com', 7, 'Y', 'SYSTEM', '2018-08-14 17:53:59', 'SYSTEM', '2018-08-14 17:53:59');
INSERT INTO `CMM_CD` (`CMM_GRP_CD`, `CMM_CD`, `CMM_CD_NM`, `DSC`, `SORT_SEQ`, `USE_YN`, `REGR`, `REG_DT`, `UPDR`, `UPD_DT`) VALUES ('CM002', '18', 'hotmail.com', 'hotmail.com', 8, 'Y', 'SYSTEM', '2018-08-14 17:53:59', 'SYSTEM', '2018-08-14 17:53:59');
INSERT INTO `CMM_CD` (`CMM_GRP_CD`, `CMM_CD`, `CMM_CD_NM`, `DSC`, `SORT_SEQ`, `USE_YN`, `REGR`, `REG_DT`, `UPDR`, `UPD_DT`) VALUES ('CM002', '19', 'empal.com', 'empal.com', 9, 'Y', 'SYSTEM', '2018-08-14 17:53:59', 'SYSTEM', '2018-08-14 17:53:59');
INSERT INTO `CMM_CD` (`CMM_GRP_CD`, `CMM_CD`, `CMM_CD_NM`, `DSC`, `SORT_SEQ`, `USE_YN`, `REGR`, `REG_DT`, `UPDR`, `UPD_DT`) VALUES ('CM001', '20', '개인정보처리방침', NULL, 2, 'Y', 'SYSTEM', '2018-08-25 18:44:51', 'SYSTEM', '2018-08-25 18:44:54');
INSERT INTO `CMM_CD` (`CMM_GRP_CD`, `CMM_CD`, `CMM_CD_NM`, `DSC`, `SORT_SEQ`, `USE_YN`, `REGR`, `REG_DT`, `UPDR`, `UPD_DT`) VALUES ('CM002', '20', 'dreamwiz.com', 'dreamwiz.com', 10, 'Y', 'SYSTEM', '2018-08-14 17:53:59', 'SYSTEM', '2018-08-14 17:53:59');
INSERT INTO `CMM_CD` (`CMM_GRP_CD`, `CMM_CD`, `CMM_CD_NM`, `DSC`, `SORT_SEQ`, `USE_YN`, `REGR`, `REG_DT`, `UPDR`, `UPD_DT`) VALUES ('GD001', '20', '승인요청', NULL, 2, 'Y', 'SYSTEM', '2018-08-25 20:37:47', 'SYSTEM', '2018-08-25 20:37:50');
INSERT INTO `CMM_CD` (`CMM_GRP_CD`, `CMM_CD`, `CMM_CD_NM`, `DSC`, `SORT_SEQ`, `USE_YN`, `REGR`, `REG_DT`, `UPDR`, `UPD_DT`) VALUES ('MB001', '20', '휴먼', NULL, 2, 'Y', 'SYSTEM', '2018-08-18 21:04:23', 'SYSTEM', '2018-08-18 21:04:29');
INSERT INTO `CMM_CD` (`CMM_GRP_CD`, `CMM_CD`, `CMM_CD_NM`, `DSC`, `SORT_SEQ`, `USE_YN`, `REGR`, `REG_DT`, `UPDR`, `UPD_DT`) VALUES ('CM002', '21', 'chol.com', 'chol.com', 11, 'Y', 'SYSTEM', '2018-08-14 17:53:59', 'SYSTEM', '2018-08-14 17:53:59');
INSERT INTO `CMM_CD` (`CMM_GRP_CD`, `CMM_CD`, `CMM_CD_NM`, `DSC`, `SORT_SEQ`, `USE_YN`, `REGR`, `REG_DT`, `UPDR`, `UPD_DT`) VALUES ('CM002', '22', 'korea.com', 'korea.com', 12, 'Y', 'SYSTEM', '2018-08-14 17:53:59', 'SYSTEM', '2018-08-14 17:53:59');
INSERT INTO `CMM_CD` (`CMM_GRP_CD`, `CMM_CD`, `CMM_CD_NM`, `DSC`, `SORT_SEQ`, `USE_YN`, `REGR`, `REG_DT`, `UPDR`, `UPD_DT`) VALUES ('CM002', '23', 'hanmir.com', 'hanmir.com', 13, 'Y', 'SYSTEM', '2018-08-14 17:53:59', 'SYSTEM', '2018-08-14 17:53:59');
INSERT INTO `CMM_CD` (`CMM_GRP_CD`, `CMM_CD`, `CMM_CD_NM`, `DSC`, `SORT_SEQ`, `USE_YN`, `REGR`, `REG_DT`, `UPDR`, `UPD_DT`) VALUES ('CM002', '24', 'hanafos.com', 'hanafos.com', 14, 'Y', 'SYSTEM', '2018-08-14 17:53:59', 'SYSTEM', '2018-08-14 17:53:59');
INSERT INTO `CMM_CD` (`CMM_GRP_CD`, `CMM_CD`, `CMM_CD_NM`, `DSC`, `SORT_SEQ`, `USE_YN`, `REGR`, `REG_DT`, `UPDR`, `UPD_DT`) VALUES ('CM002', '25', 'freechal.com', 'freechal.com', 15, 'Y', 'SYSTEM', '2018-08-14 17:53:59', 'SYSTEM', '2018-08-14 17:53:59');
INSERT INTO `CMM_CD` (`CMM_GRP_CD`, `CMM_CD`, `CMM_CD_NM`, `DSC`, `SORT_SEQ`, `USE_YN`, `REGR`, `REG_DT`, `UPDR`, `UPD_DT`) VALUES ('CM002', '26', 'netian.com', 'netian.com', 16, 'Y', 'SYSTEM', '2018-08-14 17:53:59', 'SYSTEM', '2018-08-14 17:53:59');
INSERT INTO `CMM_CD` (`CMM_GRP_CD`, `CMM_CD`, `CMM_CD_NM`, `DSC`, `SORT_SEQ`, `USE_YN`, `REGR`, `REG_DT`, `UPDR`, `UPD_DT`) VALUES ('GD001', '30', '승인완료', NULL, 3, 'Y', 'SYSTEM', '2018-08-25 20:38:10', 'SYSTEM', '2018-08-25 20:38:13');
INSERT INTO `CMM_CD` (`CMM_GRP_CD`, `CMM_CD`, `CMM_CD_NM`, `DSC`, `SORT_SEQ`, `USE_YN`, `REGR`, `REG_DT`, `UPDR`, `UPD_DT`) VALUES ('MB001', '30', '탈퇴', NULL, 3, 'Y', 'SYSTEM', '2018-08-18 21:04:52', 'SYSTEM', '2018-08-18 21:04:59');
INSERT INTO `CMM_CD` (`CMM_GRP_CD`, `CMM_CD`, `CMM_CD_NM`, `DSC`, `SORT_SEQ`, `USE_YN`, `REGR`, `REG_DT`, `UPDR`, `UPD_DT`) VALUES ('GD001', '40', '판매중', NULL, 4, 'Y', 'SYSTEM', '2018-08-25 20:38:29', 'SYSTEM', '2018-08-25 20:38:32');
INSERT INTO `CMM_CD` (`CMM_GRP_CD`, `CMM_CD`, `CMM_CD_NM`, `DSC`, `SORT_SEQ`, `USE_YN`, `REGR`, `REG_DT`, `UPDR`, `UPD_DT`) VALUES ('GD001', '50', '일시품절', NULL, 5, 'Y', 'SYSTEM', '2018-08-25 20:38:49', 'SYSTEM', '2018-08-25 20:38:51');
INSERT INTO `CMM_CD` (`CMM_GRP_CD`, `CMM_CD`, `CMM_CD_NM`, `DSC`, `SORT_SEQ`, `USE_YN`, `REGR`, `REG_DT`, `UPDR`, `UPD_DT`) VALUES ('GD001', '60', '품절', NULL, 6, 'Y', 'SYSTEM', '2018-08-25 20:39:09', 'SYSTEM', '2018-08-25 20:39:11');
INSERT INTO `CMM_CD` (`CMM_GRP_CD`, `CMM_CD`, `CMM_CD_NM`, `DSC`, `SORT_SEQ`, `USE_YN`, `REGR`, `REG_DT`, `UPDR`, `UPD_DT`) VALUES ('MB002', 'GOLD', '골드', NULL, 1, 'Y', 'SYSTEM', '2018-08-18 21:25:45', 'SYSTEM', '2018-08-18 21:25:50');
INSERT INTO `CMM_CD` (`CMM_GRP_CD`, `CMM_CD`, `CMM_CD_NM`, `DSC`, `SORT_SEQ`, `USE_YN`, `REGR`, `REG_DT`, `UPDR`, `UPD_DT`) VALUES ('MB002', 'VIP', 'VIP', NULL, 2, 'Y', 'SYSTEM', '2018-08-18 21:26:13', 'SYSTEM', '2018-08-18 21:26:15');
INSERT INTO `CMM_CD` (`CMM_GRP_CD`, `CMM_CD`, `CMM_CD_NM`, `DSC`, `SORT_SEQ`, `USE_YN`, `REGR`, `REG_DT`, `UPDR`, `UPD_DT`) VALUES ('BN001', 'BN', '배너이미지', NULL, 1, 'Y', 'SYSTEM', '2025-02-09 01:03:02', 'SYSTEM', '2025-02-09 01:03:02');
INSERT INTO `CMM_CD` (`CMM_GRP_CD`, `CMM_CD`, `CMM_CD_NM`, `DSC`, `SORT_SEQ`, `USE_YN`, `REGR`, `REG_DT`, `UPDR`, `UPD_DT`) VALUES ('BN001', 'GD', '상품전시', NULL, 2, 'Y', 'SYSTEM', '2025-02-09 01:03:02', 'SYSTEM', '2025-02-09 01:03:02');
INSERT INTO `CMM_CD` (`CMM_GRP_CD`, `CMM_CD`, `CMM_CD_NM`, `DSC`, `SORT_SEQ`, `USE_YN`, `REGR`, `REG_DT`, `UPDR`, `UPD_DT`) VALUES ('BN001', 'VD', '동영상', NULL, 3, 'Y', 'SYSTEM', '2025-02-09 01:03:02', 'SYSTEM', '2025-02-09 01:03:02');
INSERT INTO `CMM_CD` (`CMM_GRP_CD`, `CMM_CD`, `CMM_CD_NM`, `DSC`, `SORT_SEQ`, `USE_YN`, `REGR`, `REG_DT`, `UPDR`, `UPD_DT`) VALUES ('BN002', '11', '메인상단-A', NULL, 1, 'Y', 'SYSTEM', '2025-02-09 01:03:02', 'SYSTEM', '2025-02-09 01:03:02');
INSERT INTO `CMM_CD` (`CMM_GRP_CD`, `CMM_CD`, `CMM_CD_NM`, `DSC`, `SORT_SEQ`, `USE_YN`, `REGR`, `REG_DT`, `UPDR`, `UPD_DT`) VALUES ('BN002', '12', '메인상단-B', NULL, 2, 'Y', 'SYSTEM', '2025-02-09 01:03:02', 'SYSTEM', '2025-02-09 01:03:02');
INSERT INTO `CMM_CD` (`CMM_GRP_CD`, `CMM_CD`, `CMM_CD_NM`, `DSC`, `SORT_SEQ`, `USE_YN`, `REGR`, `REG_DT`, `UPDR`, `UPD_DT`) VALUES ('BN002', '20', '메인중간', NULL, 3, 'Y', 'SYSTEM', '2025-02-09 01:03:02', 'SYSTEM', '2025-02-09 01:03:02');
INSERT INTO `CMM_CD` (`CMM_GRP_CD`, `CMM_CD`, `CMM_CD_NM`, `DSC`, `SORT_SEQ`, `USE_YN`, `REGR`, `REG_DT`, `UPDR`, `UPD_DT`) VALUES ('BN002', '30', '메인중하단', NULL, 4, 'Y', 'SYSTEM', '2025-02-09 01:03:02', 'SYSTEM', '2025-02-09 01:03:02');
INSERT INTO `CMM_CD` (`CMM_GRP_CD`, `CMM_CD`, `CMM_CD_NM`, `DSC`, `SORT_SEQ`, `USE_YN`, `REGR`, `REG_DT`, `UPDR`, `UPD_DT`) VALUES ('BN002', '40', '메인하단', NULL, 5, 'Y', 'SYSTEM', '2025-02-09 01:03:02', 'SYSTEM', '2025-02-09 01:03:02');
INSERT INTO `CMM_CD` (`CMM_GRP_CD`, `CMM_CD`, `CMM_CD_NM`, `DSC`, `SORT_SEQ`, `USE_YN`, `REGR`, `REG_DT`, `UPDR`, `UPD_DT`) VALUES ('BN002', '50', '메인최상단', NULL, 6, 'Y', 'SYSTEM', '2025-02-09 01:03:02', 'SYSTEM', '2025-02-09 01:03:02');
INSERT INTO `CMM_CD` (`CMM_GRP_CD`, `CMM_CD`, `CMM_CD_NM`, `DSC`, `SORT_SEQ`, `USE_YN`, `REGR`, `REG_DT`, `UPDR`, `UPD_DT`) VALUES ('BN003', 'MAN', '남성패션', NULL, 1, 'Y', 'SYSTEM', '2025-02-09 01:03:02', 'SYSTEM', '2025-02-09 01:03:02');
INSERT INTO `CMM_CD` (`CMM_GRP_CD`, `CMM_CD`, `CMM_CD_NM`, `DSC`, `SORT_SEQ`, `USE_YN`, `REGR`, `REG_DT`, `UPDR`, `UPD_DT`) VALUES ('BN003', 'WOMAN', '여성패션', NULL, 2, 'Y', 'SYSTEM', '2025-02-09 01:03:02', 'SYSTEM', '2025-02-09 01:03:02');
INSERT INTO `CMM_CD` (`CMM_GRP_CD`, `CMM_CD`, `CMM_CD_NM`, `DSC`, `SORT_SEQ`, `USE_YN`, `REGR`, `REG_DT`, `UPDR`, `UPD_DT`) VALUES ('BN003', 'SPORT', '스포츠레저', NULL, 3, 'Y', 'SYSTEM', '2025-02-09 01:03:02', 'SYSTEM', '2025-02-09 01:03:02');
INSERT INTO `CMM_CD` (`CMM_GRP_CD`, `CMM_CD`, `CMM_CD_NM`, `DSC`, `SORT_SEQ`, `USE_YN`, `REGR`, `REG_DT`, `UPDR`, `UPD_DT`) VALUES ('BN003', 'BAG', '가방', NULL, 4, 'Y', 'SYSTEM', '2025-02-09 01:03:02', 'SYSTEM', '2025-02-09 01:03:02');
INSERT INTO `GD_CAT` (`CAT_CD`, `CAT_NM`, `UPPR_CAT_CD`, `CAT_LV`, `USE_YN`, `SORT_SEQ`, `CNNT_URL`, `REGR`, `REG_DT`, `UPDR`, `UPD_DT`) VALUES ('C001000000', '상의/아우터/원피스', NULL, 1, 'Y', 1, 'main.do', 'SYSTEM', '2018-08-09 12:33:06', 'SYSTEM', '2018-08-09 12:33:07');
INSERT INTO `GD_CAT` (`CAT_CD`, `CAT_NM`, `UPPR_CAT_CD`, `CAT_LV`, `USE_YN`, `SORT_SEQ`, `CNNT_URL`, `REGR`, `REG_DT`, `UPDR`, `UPD_DT`) VALUES ('C001001000', '상의', 'C001000000', 2, 'Y', 2, NULL, 'SYSTEM', '2018-08-09 12:33:06', 'SYSTEM', '2018-12-15 19:10:37');
INSERT INTO `GD_CAT` (`CAT_CD`, `CAT_NM`, `UPPR_CAT_CD`, `CAT_LV`, `USE_YN`, `SORT_SEQ`, `CNNT_URL`, `REGR`, `REG_DT`, `UPDR`, `UPD_DT`) VALUES ('C001001001', '티셔츠', 'C001001000', 3, 'Y', 2, 'main2.do', 'SYSTEM', '2018-08-09 12:33:06', 'SYSTEM', '2018-12-15 20:18:36');
INSERT INTO `GD_CAT` (`CAT_CD`, `CAT_NM`, `UPPR_CAT_CD`, `CAT_LV`, `USE_YN`, `SORT_SEQ`, `CNNT_URL`, `REGR`, `REG_DT`, `UPDR`, `UPD_DT`) VALUES ('C001001002', '스웨터', 'C001001000', 3, 'Y', 1, NULL, 'SYSTEM', '2018-08-09 12:33:06', 'SYSTEM', '2018-12-15 20:18:36');
INSERT INTO `GD_CAT` (`CAT_CD`, `CAT_NM`, `UPPR_CAT_CD`, `CAT_LV`, `USE_YN`, `SORT_SEQ`, `CNNT_URL`, `REGR`, `REG_DT`, `UPDR`, `UPD_DT`) VALUES ('C001001003', '포말 셔츠', 'C001001000', 3, 'Y', 3, NULL, 'SYSTEM', '2018-08-09 12:33:06', 'SYSTEM', '2018-08-09 12:33:07');
INSERT INTO `GD_CAT` (`CAT_CD`, `CAT_NM`, `UPPR_CAT_CD`, `CAT_LV`, `USE_YN`, `SORT_SEQ`, `CNNT_URL`, `REGR`, `REG_DT`, `UPDR`, `UPD_DT`) VALUES ('C001002000', '아우터', 'C001000000', 2, 'Y', 3, NULL, 'SYSTEM', '2018-08-09 12:33:06', 'SYSTEM', '2018-12-15 19:10:37');
INSERT INTO `GD_CAT` (`CAT_CD`, `CAT_NM`, `UPPR_CAT_CD`, `CAT_LV`, `USE_YN`, `SORT_SEQ`, `CNNT_URL`, `REGR`, `REG_DT`, `UPDR`, `UPD_DT`) VALUES ('C001002001', '후드', 'C001002000', 3, 'Y', 1, NULL, 'SYSTEM', '2018-08-09 12:33:06', 'SYSTEM', '2018-08-09 12:33:07');
INSERT INTO `GD_CAT` (`CAT_CD`, `CAT_NM`, `UPPR_CAT_CD`, `CAT_LV`, `USE_YN`, `SORT_SEQ`, `CNNT_URL`, `REGR`, `REG_DT`, `UPDR`, `UPD_DT`) VALUES ('C001002002', '재킷', 'C001002000', 3, 'Y', 2, NULL, 'SYSTEM', '2018-08-09 12:33:06', 'SYSTEM', '2018-08-09 12:33:07');
INSERT INTO `GD_CAT` (`CAT_CD`, `CAT_NM`, `UPPR_CAT_CD`, `CAT_LV`, `USE_YN`, `SORT_SEQ`, `CNNT_URL`, `REGR`, `REG_DT`, `UPDR`, `UPD_DT`) VALUES ('C001002003', '코트', 'C001002000', 3, 'Y', 3, NULL, 'SYSTEM', '2018-08-09 12:33:06', 'SYSTEM', '2018-08-09 12:33:07');
INSERT INTO `GD_CAT` (`CAT_CD`, `CAT_NM`, `UPPR_CAT_CD`, `CAT_LV`, `USE_YN`, `SORT_SEQ`, `CNNT_URL`, `REGR`, `REG_DT`, `UPDR`, `UPD_DT`) VALUES ('C001003000', '원피스', 'C001000000', 2, 'Y', 1, NULL, 'SYSTEM', '2018-08-09 12:33:06', 'SYSTEM', '2018-12-15 19:10:37');
INSERT INTO `GD_CAT` (`CAT_CD`, `CAT_NM`, `UPPR_CAT_CD`, `CAT_LV`, `USE_YN`, `SORT_SEQ`, `CNNT_URL`, `REGR`, `REG_DT`, `UPDR`, `UPD_DT`) VALUES ('C001004000', '블라우스', 'C001000000', 2, 'Y', 4, NULL, 'SYSTEM', '2018-08-09 12:33:06', 'SYSTEM', '2018-08-09 12:33:07');
INSERT INTO `GD_CAT` (`CAT_CD`, `CAT_NM`, `UPPR_CAT_CD`, `CAT_LV`, `USE_YN`, `SORT_SEQ`, `CNNT_URL`, `REGR`, `REG_DT`, `UPDR`, `UPD_DT`) VALUES ('C001005000', '외투', 'C001000000', 2, 'Y', 5, NULL, 'SYSTEM', '2018-08-09 12:33:06', 'SYSTEM', '2018-08-09 12:33:07');
INSERT INTO `GD_CAT` (`CAT_CD`, `CAT_NM`, `UPPR_CAT_CD`, `CAT_LV`, `USE_YN`, `SORT_SEQ`, `CNNT_URL`, `REGR`, `REG_DT`, `UPDR`, `UPD_DT`) VALUES ('C001006000', '패딩', 'C001000000', 2, 'Y', 6, NULL, 'SYSTEM', '2018-08-09 12:33:06', 'SYSTEM', '2018-08-09 12:33:07');
INSERT INTO `GD_CAT` (`CAT_CD`, `CAT_NM`, `UPPR_CAT_CD`, `CAT_LV`, `USE_YN`, `SORT_SEQ`, `CNNT_URL`, `REGR`, `REG_DT`, `UPDR`, `UPD_DT`) VALUES ('C001007000', '플리스', 'C001000000', 2, 'Y', 7, NULL, 'SYSTEM', '2018-08-09 12:33:06', 'SYSTEM', '2018-08-09 12:33:07');
INSERT INTO `GD_CAT` (`CAT_CD`, `CAT_NM`, `UPPR_CAT_CD`, `CAT_LV`, `USE_YN`, `SORT_SEQ`, `CNNT_URL`, `REGR`, `REG_DT`, `UPDR`, `UPD_DT`) VALUES ('C001008000', '후드 집업', 'C001000000', 2, 'Y', 8, NULL, 'SYSTEM', '2018-08-09 12:33:06', 'SYSTEM', '2018-08-09 12:33:07');
INSERT INTO `GD_CAT` (`CAT_CD`, `CAT_NM`, `UPPR_CAT_CD`, `CAT_LV`, `USE_YN`, `SORT_SEQ`, `CNNT_URL`, `REGR`, `REG_DT`, `UPDR`, `UPD_DT`) VALUES ('C001009000', '니트', 'C001000000', 2, 'Y', 9, NULL, 'SYSTEM', '2018-08-09 12:33:06', 'SYSTEM', '2018-08-09 12:33:07');
INSERT INTO `GD_CAT` (`CAT_CD`, `CAT_NM`, `UPPR_CAT_CD`, `CAT_LV`, `USE_YN`, `SORT_SEQ`, `CNNT_URL`, `REGR`, `REG_DT`, `UPDR`, `UPD_DT`) VALUES ('C001010000', '가디건', 'C001000000', 2, 'Y', 10, NULL, 'SYSTEM', '2018-12-08 19:50:51', 'SYSTEM', '2018-12-08 19:50:51');
INSERT INTO `GD_CAT` (`CAT_CD`, `CAT_NM`, `UPPR_CAT_CD`, `CAT_LV`, `USE_YN`, `SORT_SEQ`, `CNNT_URL`, `REGR`, `REG_DT`, `UPDR`, `UPD_DT`) VALUES ('C002000000', '바지/스커트', NULL, 1, 'Y', 2, NULL, 'SYSTEM', '2018-08-09 12:33:06', 'SYSTEM', '2018-08-09 12:33:07');
INSERT INTO `GD_CAT` (`CAT_CD`, `CAT_NM`, `UPPR_CAT_CD`, `CAT_LV`, `USE_YN`, `SORT_SEQ`, `CNNT_URL`, `REGR`, `REG_DT`, `UPDR`, `UPD_DT`) VALUES ('C002001000', '바지', 'C002000000', 2, 'Y', 1, NULL, 'SYSTEM', '2018-08-09 12:33:06', 'SYSTEM', '2018-08-09 12:33:07');
INSERT INTO `GD_CAT` (`CAT_CD`, `CAT_NM`, `UPPR_CAT_CD`, `CAT_LV`, `USE_YN`, `SORT_SEQ`, `CNNT_URL`, `REGR`, `REG_DT`, `UPDR`, `UPD_DT`) VALUES ('C002001001', '슬랙스', 'C002001000', 3, 'Y', 1, NULL, 'SYSTEM', '2018-08-09 12:33:06', 'SYSTEM', '2018-08-09 12:33:07');
INSERT INTO `GD_CAT` (`CAT_CD`, `CAT_NM`, `UPPR_CAT_CD`, `CAT_LV`, `USE_YN`, `SORT_SEQ`, `CNNT_URL`, `REGR`, `REG_DT`, `UPDR`, `UPD_DT`) VALUES ('C003000000', '스니커즈/신발', NULL, 1, 'Y', 3, NULL, 'SYSTEM', '2018-08-09 12:33:06', 'SYSTEM', '2018-08-09 12:33:07');
INSERT INTO `GD_CAT` (`CAT_CD`, `CAT_NM`, `UPPR_CAT_CD`, `CAT_LV`, `USE_YN`, `SORT_SEQ`, `CNNT_URL`, `REGR`, `REG_DT`, `UPDR`, `UPD_DT`) VALUES ('C004000000', '가방/여성 가방', NULL, 1, 'Y', 4, NULL, 'SYSTEM', '2018-08-09 12:33:06', 'SYSTEM', '2018-08-09 12:33:07');
INSERT INTO `GD_CAT` (`CAT_CD`, `CAT_NM`, `UPPR_CAT_CD`, `CAT_LV`, `USE_YN`, `SORT_SEQ`, `CNNT_URL`, `REGR`, `REG_DT`, `UPDR`, `UPD_DT`) VALUES ('C005000000', '스포츠/용품', NULL, 1, 'Y', 5, NULL, 'SYSTEM', '2018-08-09 12:33:06', 'SYSTEM', '2018-08-09 12:33:07');
INSERT INTO `GD_CAT` (`CAT_CD`, `CAT_NM`, `UPPR_CAT_CD`, `CAT_LV`, `USE_YN`, `SORT_SEQ`, `CNNT_URL`, `REGR`, `REG_DT`, `UPDR`, `UPD_DT`) VALUES ('C005001000', '스포츠', 'C005000000', 2, 'N', 1, NULL, 'SYSTEM', '2018-12-08 19:52:32', 'SYSTEM', '2018-12-08 21:08:42');
INSERT INTO `GD_CAT` (`CAT_CD`, `CAT_NM`, `UPPR_CAT_CD`, `CAT_LV`, `USE_YN`, `SORT_SEQ`, `CNNT_URL`, `REGR`, `REG_DT`, `UPDR`, `UPD_DT`) VALUES ('C006000000', '모자', NULL, 1, 'Y', 6, NULL, 'SYSTEM', '2018-08-09 12:33:06', 'SYSTEM', '2018-08-09 12:33:07');
INSERT INTO `GD_CAT` (`CAT_CD`, `CAT_NM`, `UPPR_CAT_CD`, `CAT_LV`, `USE_YN`, `SORT_SEQ`, `CNNT_URL`, `REGR`, `REG_DT`, `UPDR`, `UPD_DT`) VALUES ('C007000000', '양말/레그웨어', NULL, 1, 'Y', 7, NULL, 'SYSTEM', '2018-08-09 12:33:06', 'SYSTEM', '2018-08-09 12:33:07');
INSERT INTO `GD_CAT` (`CAT_CD`, `CAT_NM`, `UPPR_CAT_CD`, `CAT_LV`, `USE_YN`, `SORT_SEQ`, `CNNT_URL`, `REGR`, `REG_DT`, `UPDR`, `UPD_DT`) VALUES ('C008000000', '트레이닝', NULL, 1, 'Y', 8, NULL, 'SYSTEM', '2018-08-09 12:33:06', 'SYSTEM', '2018-08-09 12:33:07');
INSERT INTO `GD_CAT` (`CAT_CD`, `CAT_NM`, `UPPR_CAT_CD`, `CAT_LV`, `USE_YN`, `SORT_SEQ`, `CNNT_URL`, `REGR`, `REG_DT`, `UPDR`, `UPD_DT`) VALUES ('C009000000', '선글라스/안경테', NULL, 1, 'Y', 9, NULL, 'SYSTEM', '2018-08-09 12:33:06', 'SYSTEM', '2018-08-09 12:33:07');
INSERT INTO `GD_CAT` (`CAT_CD`, `CAT_NM`, `UPPR_CAT_CD`, `CAT_LV`, `USE_YN`, `SORT_SEQ`, `CNNT_URL`, `REGR`, `REG_DT`, `UPDR`, `UPD_DT`) VALUES ('C010000000', '액세서리/시계/주얼리', NULL, 1, 'Y', 10, NULL, 'SYSTEM', '2018-08-09 12:33:06', 'SYSTEM', '2018-08-09 12:33:07');
INSERT INTO `GD_CAT` (`CAT_CD`, `CAT_NM`, `UPPR_CAT_CD`, `CAT_LV`, `USE_YN`, `SORT_SEQ`, `CNNT_URL`, `REGR`, `REG_DT`, `UPDR`, `UPD_DT`) VALUES ('C011000000', '뷰티', NULL, 1, 'Y', 11, NULL, 'SYSTEM', '2018-08-09 12:33:06', 'SYSTEM', '2018-08-09 12:33:07');
INSERT INTO `TERMS_MNG` (`TERMS_MNG_NO`, `TERMS_TY_CD`, `TERMS_DSC`, `TERMS_VER`, `TERMS_HTML`, `DP_YN`, `DP_START_DE`, `ESSN_AGR_YN`, `UPD_CONTS`, `REGR`, `REG_DT`, `UPDR`, `UPD_DT`) VALUES (1, '10', '이용약관', '1.0', '<p>이용약관1</p>', 'Y', '2018-08-10', 'Y', NULL, 'SYSTEM', '2018-08-25 18:54:53', 'SYSTEM', '2018-08-25 18:54:55');
INSERT INTO `TERMS_MNG` (`TERMS_MNG_NO`, `TERMS_TY_CD`, `TERMS_DSC`, `TERMS_VER`, `TERMS_HTML`, `DP_YN`, `DP_START_DE`, `ESSN_AGR_YN`, `UPD_CONTS`, `REGR`, `REG_DT`, `UPDR`, `UPD_DT`) VALUES (2, '10', '이용약관', '1.1', '<p>이용약관2</p>', 'Y', '2018-08-13', 'Y', NULL, 'SYSTEM', '2018-08-25 18:55:26', 'SYSTEM', '2018-08-25 18:55:29');
INSERT INTO `TERMS_MNG` (`TERMS_MNG_NO`, `TERMS_TY_CD`, `TERMS_DSC`, `TERMS_VER`, `TERMS_HTML`, `DP_YN`, `DP_START_DE`, `ESSN_AGR_YN`, `UPD_CONTS`, `REGR`, `REG_DT`, `UPDR`, `UPD_DT`) VALUES (3, '10', '이용약관', '1.2', '<p>이용약관3</p>', 'Y', '2018-08-21', 'Y', NULL, 'SYSTEM', '2018-08-25 18:55:59', 'SYSTEM', '2018-08-25 18:56:01');
INSERT INTO `TERMS_MNG` (`TERMS_MNG_NO`, `TERMS_TY_CD`, `TERMS_DSC`, `TERMS_VER`, `TERMS_HTML`, `DP_YN`, `DP_START_DE`, `ESSN_AGR_YN`, `UPD_CONTS`, `REGR`, `REG_DT`, `UPDR`, `UPD_DT`) VALUES (4, '20', '개인정보처리방침', '1.0', '<p>개인정보처리방침</p>', 'Y', '2018-08-10', 'Y', NULL, 'SYSTEM', '2018-08-25 18:56:39', 'SYSTEM', '2018-08-25 18:56:42');
INSERT INTO `TERMS_MNG` (`TERMS_MNG_NO`, `TERMS_TY_CD`, `TERMS_DSC`, `TERMS_VER`, `TERMS_HTML`, `DP_YN`, `DP_START_DE`, `ESSN_AGR_YN`, `UPD_CONTS`, `REGR`, `REG_DT`, `UPDR`, `UPD_DT`) VALUES (5, '20', '개인정보처리방침', '1.1', '<p>개인정보처리방침22</p>', 'Y', '2018-09-01', 'Y', NULL, 'SYSTEM', '2018-08-25 18:57:15', 'SYSTEM', '2018-08-25 18:57:17');
INSERT INTO `TERMS_MNG` (`TERMS_MNG_NO`, `TERMS_TY_CD`, `TERMS_DSC`, `TERMS_VER`, `TERMS_HTML`, `DP_YN`, `DP_START_DE`, `ESSN_AGR_YN`, `UPD_CONTS`, `REGR`, `REG_DT`, `UPDR`, `UPD_DT`) VALUES (6, '30', '제3자동의', '1.0', '<p>제3자동의</p>', 'Y', '2018-09-29', 'N', NULL, 'SYSTEM', '2018-09-29 18:45:34', 'SYSTEM', '2018-09-29 18:45:39');
